{
  "consent": {
    "acceptButtonText": "Accept",
    "audiencePickerAltText": "Tenant and Audience selector",
    "declineButtonText": "Decline",
    "invalid-action": "Invalid action",
    "invalid-audience": "Audience is required",
    "invalid-scope": "Invalid scope, must be an array",
    "logoAltText": "${companyName}",
    "messageMultipleTenants": "${clientName} is requesting access to your account.",
    "messageSingleTenant": "${clientName} is requesting access to your ${companyName} account.",
    "pageTitle": "Authorize ${clientName}",
    "pickerTitle": "Hi ${userName},",
    "title": "Authorize App"
  }
}