{
  "device-code-activation": {
    "buttonText": "Continue",
    "description": "Enter the code displayed on your device",
    "invalid-code": "Incorrect code. Please check the code and try again.",
    "invalid-expired-code": "Invalid or expired user code",
    "logoAltText": "${companyName}",
    "no-code": "Please enter the code displayed on your device",
    "pageTitle": "Enter your device code to log in | ${clientName}",
    "placeholder": "Enter your one-time code",
    "title": "Device Activation"
  },
  "device-code-activation-allowed": {
    "description": "Your device is now connected.",
    "eventTitle": "Congratulations, you're all set!",
    "pageTitle": "Login successful | ${clientName}"
  },
  "device-code-activation-denied": {
    "description": "We are not able to activate your device.",
    "eventTitle": "Activation Denied",
    "pageTitle": "Login error | ${clientName}"
  },
  "device-code-confirmation": {
    "cancelButtonText": "Cancel",
    "confirmButtonText": "Confirm",
    "confirmationText": "If you did not initiate this action or you do not recognize this device select cancel.",
    "description": "Please confirm this is the code displayed on your ${clientName}:",
    "inputCodeLabel": "Secure code",
    "logoAltText": "${companyName}",
    "pageTitle": "Confirm your device code to log in | ${clientName}",
    "title": "Device Confirmation"
  }
}