{
  "email-otp-challenge": {
    "authenticator-error": "We couldn't verify the code. Please try again later.",
    "buttonText": "Continue",
    "description": "We've sent an email with your code to ${email}",
    "invalid-code": "Incorrect code. Please check the code and try again.",
    "invalid-otp-code-format": "OTP Code must have 6 numeric characters",
    "logoAltText": "${companyName}",
    "pageTitle": "Enter your email code to log in | ${clientName}",
    "placeholder": "Enter the code",
    "resendActionText": "Resend",
    "resendText": "Didn't receive an email?",
    "title": "Verify Your Identity",
    "too-many-email": "You have exceeded the amount of emails. Wait a few minutes and try again."
  }
}