{
  "login-password": {
    "alertListTitle": "Alerts",
    "auth0-users-validation": "Something went wrong, please try again later",
    "authentication-failure": "We are sorry, something went wrong when attempting to login",
    "buttonText": "Continue",
    "custom-script-error-code": "Something went wrong, please try again later.",
    "description": "Enter your password for ${companyName} to continue to ${clientName}",
    "editEmailText": "Edit",
    "editLinkScreenReadableText": "Edit email address",
    "federatedConnectionButtonText": "Continue with ${connectionName}",
    "footerLinkText": "Sign up",
    "footerText": "Don't have an account?",
    "forgotPasswordText": "Forgot password?",
    "hidePasswordText": "Hide password",
    "invalid-connection": "Invalid connection",
    "invalid-email-format": "Email is not valid.",
    "invitationDescription": "Log in to accept ${inviterName}'s invitation to join ${companyName} on ${clientName}.",
    "invitationTitle": "You've Been Invited!",
    "ip-blocked": "We have detected suspicious login behavior and further attempts will be blocked. Please contact the administrator.",
    "logoAltText": "${companyName}",
    "no-db-connection": "Invalid connection",
    "no-email": "Please enter an email address",
    "no-password": "Password is required",
    "no-username": "Username is required",
    "pageTitle": "Enter your password to log in | ${clientName}",
    "password-breached": "We have detected a potential security issue with this account. To protect your account, we have prevented this login. Please reset your password to proceed.",
    "passwordPlaceholder": "Password",
    "same-user-login": "Too many login attempts for this user. Please wait, and try again later.",
    "separatorText": "Or",
    "showPasswordText": "Show password",
    "signupActionLinkText": "${footerLinkText}",
    "signupActionText": "${footerText}",
    "title": "Enter Your Password",
    "useBiometricsText": "Use Fingerprint or Face Recognition",
    "user-blocked": "Your account has been blocked after multiple consecutive login attempts.",
    "wrong-credentials": "Wrong username or password",
    "wrong-email-credentials": "We are unable to locate your details or your password is incorrect. Check that you have signed up previously and if not, please register using the ‘Sign Up’ link. Please ensure you have entered your details correctly by checking your policy documents or contact our customer service team for further assistance."
  }
}