{
	"login": {
		"alertListTitle": "Alerts",
		"auth0-users-validation": "Something went wrong, please try again later",
		"authentication-failure": "Something went wrong when attempting to login, please try again later.",
		"buttonText": "Login",
		"custom-script-error-code": "Something went wrong, please try again later.",
		"description": " ",
		"editEmailText": "Edit",
		"emailPlaceholder": "Email address",
		"federatedConnectionButtonText": "Continue with ${connectionName}",
		"footerLinkText": "Sign up",
		"footerText": "Don't have an account?",
		"forgotPasswordText": "Forgot password?",
		"hidePasswordText": "Hide password",
		"invalid-connection": "Invalid connection",
		"invalid-email-format": "This email address is invalid, please try again.",
		"invitationDescription": "Log in to accept ${inviterName}'s invitation to join ${companyName} on ${clientName}.",
		"invitationTitle": "You've Been Invited!",
		"ip-blocked": "Something went wrong. Please contact us for assistance.",
		"logoAltText": "${companyName}",
		"no-db-connection": "Something went wrong. Please check your connection and try again.",
		"no-email": "Please enter your email address EXACTLY as shown on your policy documents.",
		"no-password": "Please enter your password.",
		"no-username": "Email address is required",
		"pageTitle": "Sign In | ${clientName} - Customer Service Portal",
		"password-breached": "We have detected an issue with your login, please reset your password to access your foo Portal.",
		"passwordPlaceholder": "Password",
		"phoneOrUsernameOrEmailPlaceholder": "Phone or Email address",
		"phoneOrUsernamePlaceholder": "Phone Number or Email address",
		"same-user-login": "There has been too many login attempts. Please wait and try again later.",
		"separatorText": "Or",
		"showPasswordText": "Show password",
		"signupActionLinkText": "${footerLinkText}",
		"signupActionText": "${footerText}",
		"title": "Login",
		"user-blocked": "There has been too many login attempts. Please wait and try again later.",
		"usernameOnlyPlaceholder": "Email address",
		"usernamePlaceholder": "Email address",
		"wrong-credentials": "We are unable to locate your details or your password is incorrect. Please check that you have entered your details correctly or contact us for further assistance.",
		"wrong-email-credentials": "We are unable to locate your details or your email is incorrect. Please check that you have entered your details correctly by checking your policy documents or contact us for further assistance."
	}
}
