{
  "login-id": {
    "alertListTitle": "Alerts",
    "auth0-users-validation": "Something went wrong, please try again later",
    "authentication-failure": "We are sorry, something went wrong when attempting to login",
    "buttonText": "Continue",
    "custom-script-error-code": "Something went wrong, please try again later.",
    "description": "Log in to ${companyName} to continue to ${clientName}.",
    "emailPlaceholder": "Email address",
    "federatedConnectionButtonText": "Continue with ${connectionName}",
    "footerLinkText": "Sign up",
    "footerText": "Don't have an account?",
    "invalid-connection": "Invalid connection",
    "invalid-email-format": "Email is not valid.",
    "invalid-phone-number": "Enter a valid phone number",
    "ip-blocked": "We have detected suspicious login behavior and further attempts will be blocked. Please contact the administrator.",
    "logoAltText": "${companyName}",
    "no-db-connection": "Invalid connection",
    "no-email": "Please enter an email address",
    "no-hrd-connection": "Email does not match any enterprise directory",
    "no-username": "Username is required",
    "pageTitle": "Log in | ${clientName}",
    "password-breached": "We have detected a potential security issue with this account. To protect your account, we have prevented this login. Please reset your password to proceed.",
    "phonePlaceholder": "Phone number",
    "same-user-login": "Too many login attempts for this user. Please wait, and try again later.",
    "separatorText": "Or",
    "signupActionLinkText": "${footerLinkText}",
    "signupActionText": "${footerText}",
    "title": "Welcome",
    "user-blocked": "Your account has been blocked after multiple consecutive login attempts.",
    "usernamePlaceholder": "Username or email address"
  }
}