{
  "mfa-begin-enroll-options": {
    "authenticatorNamesDUO": "Notification via DUO app",
    "authenticatorNamesEmail": "Email",
    "authenticatorNamesOTP": "Google Authenticator or similar",
    "authenticatorNamesPhone": "Phone",
    "authenticatorNamesPushNotification": "Notification via ${appName} app",
    "authenticatorNamesRecoveryCode": "Recovery code",
    "authenticatorNamesSMS": "SMS",
    "authenticatorNamesVoice": "Phone",
    "authenticatorNamesWebauthnPlatform": "Fingerprint or Face Recognition",
    "authenticatorNamesWebauthnRoaming": "Security Key",
    "description": "Add another authentication method.",
    "logoAltText": "${companyName}",
    "pageTitle": "Add another authentication method | ${clientName}",
    "title": "Keep Your Account Safe"
  },
  "mfa-detect-browser-capabilities": {
    "noJSErrorDescription": "Your browser does not have JavaScript enabled. Please enable and press the Reload page button.",
    "noJSErrorTitle": "JavaScript Required",
    "pickAuthenticatorText": "Try another method",
    "reloadButtonText": "Reload"
  },
  "mfa-enroll-result": {
    "alreadyEnrolledDescription": "Two-factor Verification has Already Been Enabled.",
    "alreadyUsedDescription": "This link has already been used. Please get a new link to enroll with Multi-factor Authentication.",
    "alreadyUsedTitle": "Already used",
    "enrolledDescription": "You have successfully added a new authentication factor.",
    "enrolledTitle": "You're All Set!",
    "expiredTicketDescription": "This link is expired.",
    "expiredTicketTitle": "Expired Link",
    "genericError": "Something Went Wrong",
    "invalidTicketDescription": "This link is invalid or expired.",
    "invalidTicketTitle": "Invalid Link",
    "pageTitle": "MFA enrollment status"
  },
  "mfa-login-options": {
    "authenticatorNamesDUO": "Notification via DUO app",
    "authenticatorNamesEmail": "Email",
    "authenticatorNamesOTP": "Google Authenticator or similar",
    "authenticatorNamesPhone": "Phone",
    "authenticatorNamesPushNotification": "Notification via ${appName} app",
    "authenticatorNamesRecoveryCode": "Recovery code",
    "authenticatorNamesSMS": "SMS",
    "authenticatorNamesVoice": "Phone",
    "authenticatorNamesWebauthnPlatform": "Fingerprint or Face Recognition",
    "authenticatorNamesWebauthnRoaming": "Security Key",
    "backText": "Go back",
    "pageTitle": "List of other login methods | ${clientName}",
    "title": "Other Methods"
  }
}