{
  "mfa-country-codes": {
    "backText": "Go back",
    "pageTitle": "Select your country code | ${clientName}",
    "title": "Select a Country Code"
  },
  "mfa-sms-challenge": {
    "authenticator-error": "We couldn't verify the code. Please try again later.",
    "buttonText": "Continue",
    "description": "We've sent your 6-digit verification code to:",
    "editLinkScreenReadableText": "Edit phone number",
    "editText": "Edit",
    "invalid-code": "Incorrect code. Please check the code and try again.",
    "invalid-otp-code-format": "OTP Code must have 6 numeric characters",
    "logoAltText": "${companyName}",
    "no-transaction-in-progress": "Notification was not sent. Try resending the code.",
    "pageTitle": "Enter your phone code to log in | ${clientName}",
    "pickAuthenticatorText": "Try another method",
    "placeholder": "Enter the 6-digit code",
    "rememberMeText": "Remember this device for 30 days",
    "resendActionText": "Resend",
    "resendText": "Didn't receive a code?",
    "resendVoiceActionSeparatorTextBefore": "or",
    "resendVoiceActionText": "get a call",
    "send-sms-failed": "There was a problem sending the SMS",
    "sms-authenticator-error": "We couldn't send the SMS. Please try again later.",
    "title": "SMS Verification",
    "too-many-failures": "Too many failed codes. Wait for some minutes before retrying.",
    "too-many-sms": "You have exceeded the maximum number of phone messages per hour. Wait a few minutes and try again.",
    "transaction-not-found": "Your enrollment transaction expired, you will need to start again."
  },
  "mfa-sms-enrollment": {
    "buttonText": "Continue",
    "description": "Enter your phone number below. An SMS will be sent to that number with a code to enter on the next screen.",
    "invalid-phone": "Seems that your phone number is not valid. Please check and retry.",
    "invalid-phone-format": "Phone number can only include digits.",
    "logoAltText": "${companyName}",
    "no-phone": "Please enter a phone number",
    "pageTitle": "Enter your phone number to log in using a text message | ${clientName}",
    "pickAuthenticatorText": "Try another method",
    "placeholder": "Enter your phone number",
    "send-sms-failed": "There was a problem sending the SMS",
    "sms-authenticator-error": "We couldn't send the SMS. Please try again later.",
    "title": "Secure Your Account",
    "too-many-sms": "You have exceeded the maximum number of phone messages per hour. Wait a few minutes and try again.",
    "transaction-not-found": "Your enrollment transaction expired, you will need to start again."
  },
  "mfa-sms-list": {
    "backText": "Go back",
    "pageTitle": "List of available phone numbers | ${clientName}",
    "title": "Enrolled Phone Numbers"
  }
}