{
  "mfa-otp-challenge": {
    "authenticator-error": "We couldn't verify the code. Please try again later.",
    "buttonText": "Verify code",
    "description": "Enter the 6-digit code provided on your preferred authenticator app.",
    "logoAltText": "${companyName}",
    "pageTitle": "Enter your one-time password to log in | ${clientName}",
    "pickAuthenticatorText": "Try another method",
    "placeholder": "Enter your verification code",
    "rememberMeText": "Remember this device for 30 days",
    "title": "Verification Code",
    "too-many-failures": "Too many failed codes. Wait for some minutes before retrying.",
    "transaction-not-found": "Your enrollment transaction expired, you will need to start again.",
    "usePasswordText": "Use password"
  },
  "mfa-otp-enrollment-code": {
    "altText": "Secure code to copy",
    "buttonText": "Verify code",
    "copyCodeButtonText": "Copy code",
    "description": "Manually enter the code below using your preferred authenticator app and enter the 6–digit code provided.",
    "logoAltText": "${companyName}",
    "pageTitle": "Copy the code to log in using a one-time password | ${clientName}",
    "pickAuthenticatorText": "Try another method",
    "placeholder": "Enter your verification code",
    "title": "Authenticator App Verification",
    "too-many-failures": "Too many failed codes. Wait for some minutes before retrying.",
    "transaction-not-found": "Your enrollment transaction expired, you will need to start again."
  },
  "mfa-otp-enrollment-qr": {
    "buttonText": "Verify code",
    "codeEnrollmentText": "Use a Code Instead",
    "description": "Scan the QR code below using your preferred authenticator app and enter the 6–digit code provided. ",
    "invalid-code": "The code you entered is invalid",
    "invalid-otp-code-format": "OTP Code must have 6 numeric characters",
    "logoAltText": "${companyName}",
    "pageTitle": "Scan the code to log in using a one-time password | ${clientName}",
    "pickAuthenticatorText": "Try another method",
    "placeholder": "Enter your verification code",
    "separatorText": "Then",
    "title": "Authenticator App Verification​",
    "too-many-failures": "Too many failed codes. Wait for some minutes before retrying.",
    "transaction-not-found": "Your enrollment transaction expired, you will need to start again.",
    "user-already-enrolled": "You are already enrolled on MFA."
  }
}