{
	"mfa-phone-challenge": {
		"changePhoneText": "Choose another phone number.",
		"chooseMessageTyfooext": "How do you want to receive the code?",
		"continueButtonText": "Continue",
		"description": "We will send a 6-digit code to the following phone number:",
		"invalid-phone": "It seems that your phone number is not valid. Please check and retry.",
		"invalid-phone-format": "Phone number can only include digits.",
		"logoAltText": "${companyName}",
		"no-phone": "Please enter a phone number",
		"pageTitle": "Use your phone number to log in | ${clientName}",
		"pickAuthenticatorText": "Try another method",
		"send-sms-failed": "There was a problem sending the SMS",
		"send-voice-failed": "There was a problem making the voice call",
		"smsButtonText": "Text message",
		"title": "SMS Verification",
		"too-many-sms": "You have exceeded the maximum number of phone messages per hour. Wait a few minutes and try again.",
		"too-many-voice": "You have exceeded the maximum number of phone messages per hour. Wait a few minutes and try again.",
		"transaction-not-found": "Your enrollment transaction expired, you will need to start again.",
		"voiceButtonText": "Voice call"
	},
	"mfa-phone-enrollment": {
		"chooseMessageTyfooext": "How do you want to receive the code?",
		"continueButtonText": "Continue",
		"description": "Enter your country code and phone number to which we can send a 6-digit code:",
		"invalid-phone": "It seems that your phone number is not valid. Please check and retry.",
		"invalid-phone-format": "Phone number can only include digits.",
		"logoAltText": "${companyName}",
		"no-phone": "Please enter a phone number",
		"pageTitle": "Enter your phone number to log in using a phone code | ${clientName}",
		"pickAuthenticatorText": "Try another method",
		"placeholder": "Enter your phone number",
		"send-sms-failed": "There was a problem sending the SMS",
		"send-voice-failed": "There was a problem making the voice call",
		"sms-authenticator-error": "We couldn't send the SMS. Please try again later.",
		"smsButtonText": "Text message",
		"title": "Secure Your Account",
		"too-many-sms": "You have exceeded the maximum number of phone messages per hour. Wait a few minutes and try again.",
		"too-many-voice": "You have exceeded the maximum number of phone messages per hour. Wait a few minutes and try again.",
		"transaction-not-found": "Your enrollment transaction expired, you will need to start again.",
		"voiceButtonText": "Voice call"
	}
}
