{
  "mfa-email-challenge": {
    "authenticator-error": "We couldn't verify the code. Please try again later.",
    "buttonText": "Continue",
    "description": "We've sent an email with your code to",
    "invalid-code": "Incorrect code. Please check the code and try again.",
    "invalid-otp-code-format": "OTP Code must have 6 numeric characters",
    "logoAltText": "${companyName}",
    "mfa-email-challenge-authenticator-error": "We couldn't send the email. Please try again later.",
    "no-transaction-in-progress": "Notification was not sent. Try resending the code.",
    "pageTitle": "Enter your email code to log in | ${clientName}",
    "pickAuthenticatorText": "Try another method",
    "placeholder": "Enter the code",
    "rememberMeText": "Remember this device for 30 days",
    "resendActionText": "Resend",
    "resendText": "Didn't receive an email?",
    "title": "Email verification",
    "too-many-email": "You have exceeded the amount of emails. Wait a few minutes and try again.",
    "transaction-not-found": "Your enrollment transaction expired, you will need to start again."
  },
  "mfa-email-list": {
    "backText": "Go back",
    "pageTitle": "List of available email addresses | ${clientName}",
    "title": "Enrolled Email Addresses"
  }
}