{
  "reset-password": {
    "auth0-users-expired-ticket": "This ticket was expired.",
    "auth0-users-used-ticket": "This ticket was already used.",
    "auth0-users-validation": "Something went wrong, please try again later",
    "buttonText": "Reset password",
    "custom-script-error-code": "Something went wrong, please try again later.",
    "description": "Enter a new password below to change your password.",
    "hidePasswordText": "Hide password",
    "logoAltText": "${companyName}",
    "no-re-enter-password": "New password confirmation is missing",
    "pageTitle": "Reset your password | ${clientName}",
    "password-contains-user-information": "Password contains user information",
    "password-mismatch": "Passwords don't match",
    "passwordPlaceholder": "New password",
    "passwordSecurityText": "Your password must contain:",
    "reEnterpasswordPlaceholder": "Re-enter new password",
    "showPasswordText": "Show password",
    "title": "Change Your Password"
  },
  "reset-password-email": {
    "emailDescription": "If the email you submitted matches our records, you should receive instructions on how to reset your password within the next 10 minutes. Please check your junk/spam folder. If you still require assistance, please contact us.",
    "pageTitle": "Check your email | ${clientName}",
    "resendLinkText": "Resend email",
    "title": "Check Your Email",
    "usernameDescription": "Please check the email address associated with the username ${email} for instructions to reset your password."
  },
  "reset-password-error": {
    "auth0-users-expired-ticket": "This ticket was expired.",
    "auth0-users-used-ticket": "This ticket was already used.",
    "auth0-users-validation": "Something went wrong, please try again later",
    "backToLoginLinkText": "Back to ${clientName}",
    "custom-script-error-code": "Something went wrong, please try again later.",
    "descriptionExpired": "To reset your password, return to the login page and select \"Forgot Your Password\" to send a new email.",
    "descriptionGeneric": "To reset your password, return to the login page and select \"Forgot Your Password\" to send a new email.",
    "descriptionUsed": "This link has already been used. To reset your password, return to the login page and select \"Forgot Your Password\" to send a new email.",
    "eventTitleExpired": "Link Expired",
    "eventTitleGeneric": "Invalid Link",
    "eventTitleUsed": "Invalid Link",
    "pageTitle": "Password reset error | ${clientName}",
    "reset-password-error": "We had a problem sending the email, please try again later."
  },
  "reset-password-request": {
    "auth0-users-expired-ticket": "This ticket was expired.",
    "auth0-users-used-ticket": "This ticket was already used.",
    "auth0-users-validation": "Something went wrong, please try again later",
    "backToLoginLinkText": "Back to Sign In",
    "buttonText": "Continue",
    "custom-script-error-code": "Something went wrong, please try again later.",
    "descriptionEmail": "Please enter your email address and we will email you the link to reset your password.",
    "descriptionUsername": "Enter your username and we will send you instructions to reset your password.",
    "emailDescription": "Please enter your email address and we will email you the link to reset your password.",
    "invalid-email-format": "This email address is invalid, please try again.",
    "logoAltText": "${companyName}",
    "no-email": "Please enter an email address",
    "no-username": "Username is required",
    "pageTitle": "Reset your password | ${clientName}",
    "placeholderEmail": "Email address",
    "placeholderUsername": "Username",
    "reset-password-error": "We had a problem sending the email, please try again later.",
    "title": "Password Reset",
    "too-many-email": "You have exceeded the amount of emails. Wait a few minutes and try again.",
    "too-many-requests": "You have exceeded the amount of emails. Wait a few minutes and try again."
  },
  "reset-password-success": {
    "buttonText": "Sign In",
    "description": "Your password has been changed successfully.",
    "eventTitle": "Password Changed",
    "pageTitle": "Password reset successful | ${clientName}"
  }
}