{
  "signup-id": {
    "auth0-users-validation": "Something went wrong, please try again later",
    "buttonText": "Continue",
    "custom-script-error-code": "Something went wrong, please try again later.",
    "description": "Sign Up to ${companyName} to continue to ${clientName}.",
    "email-in-use": "The user already exists.",
    "emailPlaceholder": "Email address",
    "federatedConnectionButtonText": "Continue with ${connectionName}",
    "footerLinkText": "Log in",
    "footerText": "Already have an account?",
    "invalid-connection": "Invalid connection",
    "invalid-email-format": "Email is not valid.",
    "invalid-phone-number": "Enter a valid phone number",
    "ip-blocked": "We have detected suspicious login behavior and further attempts will be blocked. Please contact the administrator.",
    "ip-signup-blocked": "Too many signups from the same IP",
    "loginActionLinkText": "${footerLinkText}",
    "loginActionText": "${footerText}",
    "logoAltText": "${companyName}",
    "no-db-connection": "Invalid connection",
    "no-email": "Please enter an email address",
    "no-hrd-connection": "Email does not match any enterprise directory",
    "pageTitle": "Sign up | ${clientName}",
    "phonePlaceholder": "Phone number",
    "separatorText": "Or",
    "title": "Create Your Account"
  }
}