{
  "signup": {
    "auth0-users-validation": "Something doesn’t seem right. The details you have entered do not match our records. Please ensure you have entered the correct details, EXACTLY as per your policy documents, or contact our customer service team for assistance.",
    "buttonText": "Continue",
    "custom-script-error-code": "Something doesn’t seem right. The details you have entered do not match our records. Please ensure you have entered the correct details, EXACTLY as per your policy documents, or contact our customer service team for assistance.",
    "description": " ",
    "email-in-use": "Something doesn’t seem right. The details you have entered do not match our records. Please ensure you have entered the correct details, EXACTLY as per your policy documents, or contact our customer service team for assistance.",
    "emailPlaceholder": "Email address",
    "federatedConnectionButtonText": "Continue with ${connectionName}",
    "hidePasswordText": "Hide password",
    "invalid-connection": "Something went wrong. Please check your connection and try again.",
    "invalid-email-format": "This email address is invalid, please try again.",
    "invalid-username": "Username can only contain alphanumeric characters or: '${characters}'. Username should have between ${min} and ${max} characters.",
    "invalid-username-email-not-allowed": "The username cannot be an email.",
    "invalid-username-invalid-characters": "The username has invalid characters.",
    "invalid-username-max-length": "The username must not be longer than ${max} characters.",
    "invalid-username-min-length": "The username must have at least ${min} characters.",
    "ip-blocked": "Something went wrong. Please contact us for assistance.",
    "ip-signup-blocked": "Something went wrong. Please contact us for assistance.",
    "loginActionLinkText": "Log in",
    "loginActionText": "Already have an account?",
    "logoAltText": "${companyName}",
    "no-db-connection": "Something went wrong. Please check your connection and try again.",
    "no-email": "Please enter your email address",
    "no-password": "Please enter a password.",
    "no-re-enter-password": "Please re-enter your password.",
    "no-username": "Username is required",
    "pageTitle": "Sign up | ${clientName}",
    "password-breached": "This password does not meet our requirements. Please enter a different password.",
    "password-contains-user-information": "This password does not meet our requirements. Please enter a different password.",
    "password-mismatch": "Passwords don't match",
    "password-policy-not-conformant": "This password does not meet our requirements. Please enter a different password.",
    "password-previously-used": "This password does not meet our requirements. Please enter a different password.",
    "password-too-common": "This password does not meet our requirements. Please enter a different password.",
    "password-too-weak": "This password does not meet our requirements. Please enter a different password.",
    "passwordPlaceholder": "Password",
    "passwordSecurityText": "Your password must contain:",
    "separatorText": "Or",
    "showPasswordText": "Show password",
    "title": " ",
    "username-taken": "The username provided is in use already.",
    "usernamePlaceholder": "Username"
  }
}